First,Last,Player,Team,Season,Min,Shots,SoT,Dist,Solo,Goals,xG,xPlace,G.xG,KeyP,Dist.key,Assts,xA,A.xA,xG.xA,xGperShot,xAperPass,GmxGperShot,AmxAperPass
Miguel,Almiron,Miguel Almiron,ATL,2018,493,27,5,20.44234418,0.444444444,3,4.729111578,-1.988636787,-1.729111578,5,15.15968739,3,0.779533652,2.220466348,5.50864523,0.175152281,0.15590673,-0.06404117,0.44409327
Gyasi,Zardes,Gyasi Zardes,CLB,2018,570,19,7,14.85792424,0.368421053,4,4.296807206,-0.845779966,-0.296807206,5,25.46497024,0,0.553411583,-0.553411583,4.850218788,0.226147748,0.110682317,-0.015621432,-0.110682317
Alberth,Elis,Alberth Elis,HOU,2018,355,21,11,16.66575628,0.142857143,2,2.742761216,0.769463129,-0.742761216,8,14.67060574,2,1.566538038,0.433461962,4.309299254,0.130607677,0.195817255,-0.035369582,0.054182745
Diego,Fagundez,Diego Fagundez,NER,2018,446,11,5,17.07116683,0.272727273,3,2.892252071,-0.644481521,0.107747929,15,18.89978385,1,1.119187697,-0.119187697,4.011439768,0.262932006,0.074612513,0.009795266,-0.007945846
C.J.,Sapong,C.J. Sapong,PHI,2018,378,14,4,10.12788495,0.142857143,1,2.940710555,-1.891558663,-1.940710555,6,21.38699853,1,0.80781534,0.19218466,3.748525895,0.210050754,0.13463589,-0.138622183,0.032030777
Federico,Higuain,Federico Higuain,CLB,2018,563,10,4,20.84393933,0.3,2,1.517569373,0.045506806,0.482430627,18,17.43128652,1,2.145776472,-1.145776472,3.663345845,0.151756937,0.119209804,0.048243063,-0.063654248
Ola,Kamara,Ola Kamara,LAG,2018,380,9,4,11.55748134,0,1,2.681863517,-0.601719882,-1.681863517,9,21.32447503,0,0.939733015,-0.939733015,3.621596532,0.297984835,0.104414779,-0.186873724,-0.104414779
Justin,Meram,Justin Meram,ORL,2018,472,20,3,24.81826832,0.2,0,1.932578464,-0.83040343,-1.932578464,9,19.00039878,1,1.416732379,-0.416732379,3.349310843,0.096628923,0.157414709,-0.096628923,-0.046303598
Nemanja,Nikolic,Nemanja Nikolic,CHI,2018,381,12,7,12.01782464,0.333333333,4,3.228604574,0.306835014,0.771395426,1,17.80231726,0,0.113097987,-0.113097987,3.341702561,0.269050381,0.113097987,0.064282952,-0.113097987
Sebastian,Giovinco,Sebastian Giovinco,TOR,2018,286,18,5,27.36189455,0.333333333,0,1.749677649,-0.239506588,-1.749677649,8,16.53737624,0,1.46454841,-1.46454841,3.214226059,0.097204314,0.183068551,-0.097204314,-0.183068551
Josef,Martinez,Josef Martinez,ATL,2018,465,9,6,14.34323561,0.222222222,5,2.522973825,0.758072262,2.477026175,4,20.30494447,0,0.587680879,-0.587680879,3.110654704,0.280330425,0.14692022,0.275225131,-0.14692022
Ethan,Finlay,Ethan Finlay,MIN,2018,464,8,5,14.24902613,0,2,1.800147367,0.02260765,0.199852633,5,14.0036623,1,1.263242442,-0.263242442,3.063389809,0.225018421,0.252648488,0.024981579,-0.052648488
Johnny,Russell,Johnny Russell,SKC,2018,558,21,7,17.61034969,0.095238095,2,2.650707947,-0.506098081,-0.650707947,5,23.78934407,0,0.412495235,-0.412495235,3.063203181,0.126224188,0.082499047,-0.030986093,-0.082499047
Jozy,Altidore,Jozy Altidore,TOR,2018,270,11,4,14.34068348,0.272727273,2,2.976634181,-0.59149108,-0.976634181,0,NA,0,0,0,2.976634181,0.270603107,0,-0.088784926,0
Darren,Mattocks,Darren Mattocks,DCU,2018,427,11,3,14.86382312,0.363636364,2,2.892212012,-0.890845452,-0.892212012,1,29.49256177,0,0.036856417,-0.036856417,2.929068429,0.262928365,0.036856417,-0.081110183,-0.036856417
Valeri,Qazaishvili,Valeri Qazaishvili,SJE,2018,372,15,7,20.58863421,0.333333333,2,2.007910369,0.119518516,-0.007910369,9,14.85539981,2,0.88493124,1.11506876,2.892841609,0.133860691,0.098325693,-0.000527358,0.123896529
Maximiliano,Urruti,Maximiliano Urruti,FCD,2018,386,20,7,19.33644094,0.1,1,1.890926865,-0.042898139,-0.890926865,6,19.49743213,0,0.949762883,-0.949762883,2.840689749,0.094546343,0.158293814,-0.044546343,-0.158293814
Cristian,Penilla,Cristian Penilla,NER,2018,383,12,3,20.65780127,0.25,1,0.823402036,-0.412524765,0.176597964,8,16.6968818,3,1.949980255,1.050019745,2.773382291,0.068616836,0.243747532,0.014716497,0.131252468
Diego,Rossi,Diego Rossi,LAFC,2018,351,12,4,17.74980328,0.083333333,3,1.82486344,0.102715725,1.17513656,6,17.24251105,2,0.935017943,1.064982057,2.759881384,0.152071953,0.155836324,0.097928047,0.177497009
Felipe,Gutierrez,Felipe Gutierrez,SKC,2018,441,17,10,22.97745539,0.294117647,5,1.767611098,1.644078804,3.232388902,8,21.57767251,0,0.969673324,-0.969673324,2.737284421,0.103977123,0.121209165,0.190140524,-0.121209165
Yoshimar,Yotun,Yoshimar Yotun,ORL,2018,491,8,2,26.7501793,0.25,1,1.229060942,-0.163306806,-0.229060942,12,17.07990393,2,1.453875392,0.546124608,2.682936334,0.153632618,0.121156283,-0.028632618,0.045510384
Mauro,Manotas,Mauro Manotas,HOU,2018,354,13,7,19.5671609,0.076923077,2,1.539830488,0.304091371,0.460169512,9,20.00750269,0,1.04413419,-1.04413419,2.583964678,0.118448499,0.11601491,0.035397655,-0.11601491
Carlos,Vela,Carlos Vela,LAFC,2018,387,16,5,27.0537549,0.25,3,1.181000927,0.030161088,1.818999073,8,20.64033956,2,1.378639303,0.621360697,2.55964023,0.073812558,0.172329913,0.113687442,0.077670087
Graham,Zusi,Graham Zusi,SKC,2018,576,10,2,31.29479001,0.4,1,0.488446673,0.538057866,0.511553327,13,16.84631999,0,1.997312137,-1.997312137,2.48575881,0.048844667,0.153639395,0.051155333,-0.153639395
Hector,Villalba,Hector Villalba,ATL,2018,369,12,3,19.82505628,0.166666667,1,1.246927976,-0.33283688,-0.246927976,4,16.09379912,1,1.138268736,-0.138268736,2.385196712,0.103910665,0.284567184,-0.020577331,-0.034567184
Teal,Bunbury,Teal Bunbury,NER,2018,407,11,6,14.40679886,0.181818182,2,2.179373478,-0.207425949,-0.179373478,2,20.13910293,0,0.188251032,-0.188251032,2.36762451,0.198124862,0.094125516,-0.01630668,-0.094125516
Michael,Barrios,Michael Barrios,FCD,2018,386,6,3,19.25912762,0.166666667,0,0.44010574,-0.108947969,-0.44010574,13,19.66659843,1,1.904173234,-0.904173234,2.344278974,0.073350957,0.146474864,-0.073350957,-0.069551787
Marco,Urena,Marco Urena,LAFC,2018,373,8,3,16.55050935,0.125,0,1.260721711,-0.35146445,-1.260721711,10,23.35977956,1,1.080404974,-0.080404974,2.341126685,0.157590214,0.108040497,-0.157590214,-0.008040497
Bradley,Wright-Phillips,Bradley Wright-Phillips,NYRB,2018,156,7,4,12.5991393,0.142857143,3,1.705353269,1.084514517,1.294646731,1,5.543221085,0,0.63553934,-0.63553934,2.34089261,0.243621896,0.63553934,0.184949533,-0.63553934
Albert,Rusnak,Albert Rusnak,RSL,2018,480,8,2,22.86732984,0.5,1,1.242461405,-0.172038718,-0.242461405,17,17.51001359,1,1.079397849,-0.079397849,2.321859254,0.155307676,0.063493991,-0.030307676,-0.004670462
Joao,Plata,Joao Plata,RSL,2018,261,6,5,17.91073684,0.333333333,2,1.475423594,0.539728194,0.524576406,7,17.38918422,0,0.832583154,-0.832583154,2.308006748,0.245903932,0.118940451,0.087429401,-0.118940451
Kei,Kamara,Kei Kamara,VAN,2018,441,10,4,18.08752546,0.4,3,1.607417146,-0.255212831,1.392582854,3,16.73983005,2,0.655195597,1.344804403,2.262612743,0.160741715,0.218398532,0.139258285,0.448268134
Maximiliano,Moralez,Maximiliano Moralez,NYC,2018,471,11,4,18.5760217,0.181818182,3,1.608876393,0.573461172,1.391123607,12,19.44889245,1,0.650541095,0.349458905,2.259417487,0.14626149,0.054211758,0.126465782,0.029121575
Ignacio,Piatti,Ignacio Piatti,MTL,2018,384,15,2,24.60755407,0.2,1,1.133180674,-0.765307097,-0.133180674,8,16.07836561,2,1.112974275,0.887025725,2.246154949,0.075545378,0.139121784,-0.008878712,0.110878216
Sacha,Kljestan,Sacha Kljestan,ORL,2018,292,7,4,22.43252959,0.571428571,1,1.206768378,-0.289927882,-0.206768378,9,14.83028405,0,1.014089953,-1.014089953,2.220858332,0.172395483,0.112676661,-0.02953834,-0.112676661
Andrew,Wenger,Andrew Wenger,HOU,2018,328,5,3,10.74986396,0.2,1,1.660581097,0.49495106,-0.660581097,4,15.16581666,1,0.52334325,0.47665675,2.183924347,0.332116219,0.130835812,-0.132116219,0.119164188
Mauro,Diaz,Mauro Diaz,FCD,2018,321,12,2,22.88961592,0.25,0,0.912567185,-0.676072542,-0.912567185,16,19.83084554,1,1.255542336,-0.255542336,2.168109521,0.076047265,0.078471396,-0.076047265,-0.015971396
Will,Bruin,Will Bruin,SEA,2018,190,8,2,12.06201292,0.125,0,1.008431798,-0.844004871,-1.008431798,5,16.34788608,0,1.146039596,-1.146039596,2.154471394,0.126053975,0.229207919,-0.126053975,-0.229207919
Diego,Valeri,Diego Valeri,POR,2018,474,7,4,21.68873749,0.142857143,2,1.25517587,0.185340514,0.74482413,9,20.70141824,1,0.844538054,0.155461946,2.099713924,0.179310839,0.093837562,0.106403447,0.01727355
Sebastian,Blanco,Sebastian Blanco,POR,2018,438,13,7,16.90192798,0.153846154,3,1.220813541,0.960577416,1.779186459,9,26.75514508,1,0.850709706,0.149290294,2.071523247,0.093908734,0.094523301,0.136860497,0.01658781
Magnus,Eriksson,Magnus Eriksson,SJE,2018,356,8,5,23.29594217,0.375,1,0.490610403,0.933533833,0.509389597,13,18.47693932,2,1.577726035,0.422273965,2.068336438,0.0613263,0.121363541,0.0636737,0.032482613
Roland,Lamah,Roland Lamah,FCD,2018,275,5,3,14.14302803,0,3,1.662435595,0.164259256,1.337564405,3,23.96342265,1,0.288198676,0.711801324,1.950634271,0.332487119,0.096066225,0.267512881,0.237267108
David,Villa,David Villa,NYC,2018,175,13,2,19.79768843,0.307692308,1,0.918879665,-0.376785647,0.081120335,4,14.54378609,1,1.023588601,-0.023588601,1.942468266,0.070683051,0.25589715,0.006240026,-0.00589715
Ilie,Sanchez,Ilie Sanchez,SKC,2018,576,5,1,19.08136158,0.6,1,0.9886895,-0.090491494,0.0113105,10,18.85862405,0,0.92869938,-0.92869938,1.91738888,0.1977379,0.092869938,0.0022621,-0.092869938
Danny,Hoesen,Danny Hoesen,SJE,2018,374,11,7,17.30800631,0.090909091,2,1.024733015,0.570832769,0.975266985,7,21.08598435,1,0.88886576,0.11113424,1.913598775,0.093157547,0.126980823,0.088660635,0.01587632
Will,Johnson,Will Johnson,ORL,2018,491,8,2,17.66773656,0.25,1,1.477753038,-0.091805763,-0.477753038,5,15.03156527,0,0.392794839,-0.392794839,1.870547876,0.18471913,0.078558968,-0.05971913,-0.078558968
Ibson,Ibson,Ibson,MIN,2018,468,7,2,16.61330819,0.285714286,1,1.41880914,-0.122797238,-0.41880914,3,19.01426867,0,0.417797581,-0.417797581,1.836606721,0.20268702,0.13926586,-0.059829877,-0.13926586
Magnus,Wolff Eikrem,Magnus Wolff Eikrem,SEA,2018,192,7,1,22.34272509,0.142857143,0,1.257251939,-0.337519013,-1.257251939,5,13.99265465,0,0.57462955,-0.57462955,1.831881489,0.17960742,0.11492591,-0.17960742,-0.11492591
Romain,Alessandrini,Romain Alessandrini,LAG,2018,127,9,4,20.1403303,0.333333333,1,1.269954595,-0.462984314,-0.269954595,3,11.50553897,0,0.544237603,-0.544237603,1.814192198,0.141106066,0.181412534,-0.029994955,-0.181412534
Kelyn,Rowe,Kelyn Rowe,NER,2018,203,6,2,27.83204606,0.333333333,0,0.336744447,-0.161815245,-0.336744447,5,11.7968055,2,1.472135165,0.527864835,1.808879612,0.056124075,0.294427033,-0.056124075,0.105572967
Pedro,Santos,Pedro Santos,CLB,2018,536,15,3,27.98476563,0.266666667,1,0.884311821,-0.287301214,0.115688179,9,18.73125088,1,0.921860648,0.078139352,1.806172469,0.058954121,0.102428961,0.007712545,0.00868215
Khiry,Shelton,Khiry Shelton,SKC,2018,421,10,3,21.09981266,0.4,0,0.978849764,-0.427248748,-0.978849764,7,20.00124725,2,0.794645963,1.205354037,1.773495726,0.097884976,0.113520852,-0.097884976,0.172193434
Latif,Blessing,Latif Blessing,LAFC,2018,349,8,2,14.43658841,0.375,1,1.516442261,-0.735832221,-0.516442261,3,21.11538574,0,0.239201631,-0.239201631,1.755643892,0.189555283,0.079733877,-0.064555283,-0.079733877
Sam,Nicholson,Sam Nicholson,MIN,2018,432,13,4,16.21590075,0.461538462,1,1.404859856,-0.568992182,-0.404859856,3,16.37318782,0,0.341712577,-0.341712577,1.746572433,0.108066143,0.113904192,-0.031143066,-0.113904192
Jefferson,Savarino,Jefferson Savarino,RSL,2018,467,15,5,21.19863731,0.066666667,1,1.489106984,-0.282605133,-0.489106984,4,24.81820745,1,0.232607993,0.767392007,1.721714977,0.099273799,0.058151998,-0.032607132,0.191848002
Emmanuel,Boateng,Emmanuel Boateng,LAG,2018,430,6,0,19.06466316,0.166666667,0,0.536866332,-0.536866332,-0.536866332,10,16.28135291,2,1.167610671,0.832389329,1.704477003,0.089477722,0.116761067,-0.089477722,0.083238933
Dominique,Badji,Dominique Badji,COL,2018,364,10,6,19.45255647,0.3,4,1.315696501,0.46419443,2.684303499,5,30.84960488,1,0.373036873,0.626963127,1.688733374,0.13156965,0.074607375,0.26843035,0.125392625
Julian,Gressel,Julian Gressel,ATL,2018,486,4,3,18.40518429,0,1,0.413751501,0.232234887,0.586248499,10,16.01810997,2,1.248852683,0.751147317,1.662604184,0.103437875,0.124885268,0.146562125,0.075114732
Jack,Price,Jack Price,COL,2018,382,5,1,21.51961243,1,0,1.265513196,-0.472147525,-1.265513196,5,15.06595257,0,0.364064187,-0.364064187,1.629577384,0.253102639,0.072812837,-0.253102639,-0.072812837
Carlos,Rivas,Carlos Rivas,NYRB,2018,274,10,6,22.13011815,0.5,2,1.392428999,0.597807921,0.607571001,2,20.25290122,0,0.218440597,-0.218440597,1.610869597,0.1392429,0.109220299,0.0607571,-0.109220299
Miguel,Ibarra,Miguel Ibarra,MIN,2018,315,4,1,21.32228391,0.5,0,0.169952926,-0.09492297,-0.169952926,7,15.49463011,1,1.427116785,-0.427116785,1.597069711,0.042488232,0.203873826,-0.042488232,-0.061016684
Alejandro,Bedoya,Alejandro Bedoya,PHI,2018,378,7,3,12.03200451,0,1,0.85770815,-0.180764797,0.14229185,4,20.97238122,0,0.717381007,-0.717381007,1.575089157,0.122529736,0.179345252,0.020327407,-0.179345252
Brandon,Vincent,Brandon Vincent,CHI,2018,381,4,2,13.02934811,0,1,0.325256909,0.121819709,0.674743091,4,12.22676509,2,1.242355247,0.757644753,1.567612156,0.081314227,0.310588812,0.168685773,0.189411188
Marc,Rzatkowski,Marc Rzatkowski,NYRB,2018,255,2,0,19.27155508,0,0,0.218280047,-0.218280047,-0.218280047,9,16.3577401,1,1.337061518,-0.337061518,1.555341564,0.109140023,0.148562391,-0.109140023,-0.03745128
Yohan,Croizet,Yohan Croizet,SKC,2018,250,10,2,19.73877858,0.2,0,1.250469863,-0.66753569,-1.250469863,6,26.92449079,0,0.293282913,-0.293282913,1.543752776,0.125046986,0.048880486,-0.125046986,-0.048880486
Cristian,Martinez,Cristian Martinez,CLB,2018,455,5,1,21.81322889,0.4,0,0.542144134,-0.448303997,-0.542144134,8,17.39868637,2,0.957183555,1.042816445,1.499327689,0.108428827,0.119647944,-0.108428827,0.130352056
Chris,Wondolowski,Chris Wondolowski,SJE,2018,387,8,1,12.49378347,0.125,1,1.202898862,-0.571189154,-0.202898862,2,21.69289196,1,0.280418619,0.719581381,1.483317481,0.150362358,0.140209309,-0.025362358,0.359790691
Rolf,Feltscher,Rolf Feltscher,LAG,2018,475,4,0,20.64777686,0.25,0,0.206999402,-0.206999402,-0.206999402,4,11.167728,1,1.27374989,-0.27374989,1.480749292,0.05174985,0.318437473,-0.05174985,-0.068437473
Nicolas,Lodeiro,Nicolas Lodeiro,SEA,2018,190,7,2,23.98917887,0.285714286,0,0.504356685,-0.423177186,-0.504356685,12,11.50589143,0,0.944991985,-0.944991985,1.44934867,0.072050955,0.078749332,-0.072050955,-0.078749332
Sebastian,Lletget,Sebastian Lletget,LAG,2018,283,3,2,24.15922463,0,1,0.223583839,0.342931849,0.776416161,7,14.30241525,0,1.199788117,-1.199788117,1.423371956,0.074527946,0.171398302,0.258805387,-0.171398302
Aleksandar,Katai,Aleksandar Katai,CHI,2018,202,8,1,25.75673532,0.375,1,0.693986689,0.041314481,0.306013311,4,8.562102127,0,0.721105816,-0.721105816,1.415092505,0.086748336,0.180276454,0.038251664,-0.180276454
Cristian,Techera,Cristian Techera,VAN,2018,233,8,2,26.6947794,0.375,0,0.772674602,-0.433757165,-0.772674602,5,12.43252429,1,0.627977813,0.372022187,1.400652415,0.096584325,0.125595563,-0.096584325,0.074404437
David,Accam,David Accam,PHI,2018,337,10,4,19.59729958,0.4,0,0.896120958,-0.004137731,-0.896120958,3,13.66554118,0,0.485710169,-0.485710169,1.381831126,0.089612096,0.16190339,-0.089612096,-0.16190339
Jeisson,Vargas,Jeisson Vargas,MTL,2018,342,9,6,27.35393148,0.333333333,2,1.012440591,1.006524742,0.987559409,5,27.0367423,0,0.35999276,-0.35999276,1.372433352,0.112493399,0.071998552,0.109728823,-0.071998552
Daniel,Salloi,Daniel Salloi,SKC,2018,389,9,2,23.88826335,0.222222222,1,0.540824558,0.372978966,0.459175442,8,21.7290471,3,0.779481055,2.220518945,1.320305613,0.060091618,0.097435132,0.051019494,0.277564868
Roger,Espinoza,Roger Espinoza,SKC,2018,574,6,2,19.27158295,0.166666667,0,0.359395855,0.015711009,-0.359395855,10,20.27540268,2,0.914656077,1.085343923,1.274051931,0.059899309,0.091465608,-0.059899309,0.108534392
Alphonso,Davies,Alphonso Davies,VAN,2018,506,2,1,13.94377991,0,1,0.49200547,0.410536334,0.50799453,4,12.98595065,1,0.781329397,0.218670603,1.273334867,0.246002735,0.195332349,0.253997265,0.054667651
Jesus,Medina,Jesus Medina,NYC,2018,428,4,1,26.70983939,0.75,1,0.287943795,-0.100403804,0.712056205,8,19.15917962,1,0.971219901,0.028780099,1.259163696,0.071985949,0.121402488,0.178014051,0.003597512
Cristhian,Paredes,Cristhian Paredes,POR,2018,352,7,2,24.75674145,0.285714286,0,0.80647274,-0.530190323,-0.80647274,6,17.47809554,0,0.437011885,-0.437011885,1.243484625,0.115210391,0.072835314,-0.115210391,-0.072835314
Borek,Dockal,Borek Dockal,PHI,2018,246,6,2,21.51885684,0,0,0.521390592,-0.027180492,-0.521390592,5,12.0254564,0,0.65910798,-0.65910798,1.180498571,0.086898432,0.131821596,-0.086898432,-0.131821596
Mason,Toye,Mason Toye,MIN,2018,78,4,2,14.22541925,0.25,0,1.154137306,-0.604308421,-1.154137306,0,NA,0,0,0,1.154137306,0.288534327,0,-0.288534327,0
Steven,Beitashour,Steven Beitashour,LAFC,2018,365,1,0,34.28372245,1,0,0.02078563,-0.02078563,-0.02078563,5,14.2798251,3,1.128543675,1.871456325,1.149329306,0.02078563,0.225708735,-0.02078563,0.374291265
Luciano,Acosta,Luciano Acosta,DCU,2018,323,4,1,16.12932511,0.5,1,0.873289125,-0.636273582,0.126710875,6,24.40748518,1,0.244451788,0.755548212,1.117740913,0.218322281,0.040741965,0.031677719,0.125924702
Connor,Lade,Connor Lade,NYRB,2018,333,2,0,23.30837124,1,0,0.116110351,-0.116110351,-0.116110351,5,19.47106364,1,0.999080826,0.000919174,1.115191177,0.058055176,0.199816165,-0.058055176,0.000183835
Fanendo,Adi,Fanendo Adi,POR,2018,304,6,2,16.48135001,0.333333333,0,0.835386568,-0.354659204,-0.835386568,3,15.68217745,2,0.251232416,1.748767584,1.086618984,0.139231095,0.083744139,-0.139231095,0.582922528
Artur,Artur,Artur,CLB,2018,532,11,1,19.90025565,0.272727273,0,0.963236878,-0.871056784,-0.963236878,2,27.0413075,0,0.119039087,-0.119039087,1.082275965,0.087566989,0.059519543,-0.087566989,-0.059519543
Wilfried,Zahibo,Wilfried Zahibo,NER,2018,478,8,3,24.90126582,0.25,1,0.693032207,0.190056274,0.306967793,6,23.24161513,2,0.387600916,1.612399084,1.080633123,0.086629026,0.064600153,0.038370974,0.268733181
Daniel,Lovitz,Daniel Lovitz,MTL,2018,465,1,0,16.22120911,0,0,0.04050113,-0.04050113,-0.04050113,6,12.31093716,2,1.017454736,0.982545264,1.057955866,0.04050113,0.169575789,-0.04050113,0.163757544
Tommy,Smith,Tommy Smith,COL,2018,382,4,2,12.78208792,0.25,0,0.232343606,0.658635838,-0.232343606,3,9.790752354,2,0.818379814,1.181620186,1.05072342,0.058085901,0.272793271,-0.058085901,0.393873395
Tyrone,Mears,Tyrone Mears,MIN,2018,378,3,2,23.27495834,0.333333333,0,0.429696874,-0.02515869,-0.429696874,10,15.89644118,0,0.612873181,-0.612873181,1.042570055,0.143232291,0.061287318,-0.143232291,-0.061287318
Jonathan,Spector,Jonathan Spector,ORL,2018,344,2,0,11.36736371,0,0,0.132926221,-0.132926221,-0.132926221,3,10.52636804,1,0.909559407,0.090440593,1.042485628,0.06646311,0.303186469,-0.06646311,0.030146864
Romell,Quioto,Romell Quioto,HOU,2018,132,4,0,23.84436616,0,0,0.348405628,-0.348405628,-0.348405628,4,14.44332949,0,0.656955016,-0.656955016,1.005360644,0.087101407,0.164238754,-0.087101407,-0.164238754
Anthony,Fontana,Anthony Fontana,PHI,2018,95,4,1,16.32980294,0.5,1,0.714730969,-0.225068368,0.285269031,3,18.05037581,0,0.288760106,-0.288760106,1.003491075,0.178682742,0.096253369,0.071317258,-0.096253369
Daniel,Royer,Daniel Royer,NYRB,2018,123,5,2,20.13359078,0,0,0.90149665,-0.759813442,-0.90149665,1,13.26208223,0,0.092004268,-0.092004268,0.993500918,0.18029933,0.092004268,-0.18029933,-0.092004268
Yamil,Asad,Yamil Asad,DCU,2018,460,9,5,25.68294942,0.666666667,2,0.707251556,0.466638077,1.292748444,4,16.90505303,1,0.269233345,0.730766655,0.976484901,0.078583506,0.067308336,0.143638716,0.182691664
Chris,Mueller,Chris Mueller,ORL,2018,291,7,3,13.16468339,0,1,0.884509813,-0.066678012,0.115490187,1,18.38218975,0,0.089519018,-0.089519018,0.97402883,0.126358545,0.089519018,0.016498598,-0.089519018
Joe,Mason,Joe Mason,COL,2018,221,3,2,11.93853761,0,2,0.764364481,0.111702718,1.235635519,3,22.08906517,0,0.208329806,-0.208329806,0.972694287,0.25478816,0.069443269,0.411878506,-0.069443269
Tim,Parker,Tim Parker,NYRB,2018,191,3,1,9.66301537,0,0,0.307199988,0.373055711,-0.307199988,1,4.669092524,1,0.650604279,0.349395721,0.957804267,0.102399996,0.650604279,-0.102399996,0.349395721
Matteo,Mancosu,Matteo Mancosu,MTL,2018,193,5,2,10.59836785,0,1,0.955970448,-0.70070016,0.044029552,0,NA,0,0,0,0.955970448,0.19119409,0,0.00880591,0
Enzo,Martinez,Enzo Martinez,COL,2018,286,6,0,27.37161989,0.5,0,0.692383802,-0.692383802,-0.692383802,2,25.26388072,0,0.239898466,-0.239898466,0.932282268,0.1153973,0.119949233,-0.1153973,-0.119949233
Haris,Medunjanin,Haris Medunjanin,PHI,2018,378,9,2,30.95314139,0.666666667,0,0.45705648,-0.339218205,-0.45705648,8,15.74543979,0,0.473199063,-0.473199063,0.930255543,0.050784053,0.059149883,-0.050784053,-0.059149883
Benny,Feilhaber,Benny Feilhaber,LAFC,2018,375,4,2,24.84471653,0.25,1,0.430428949,0.129573062,0.569571051,4,14.2450115,0,0.493376642,-0.493376642,0.923805591,0.107607237,0.12334416,0.142392763,-0.12334416
Derrick,Etienne,Derrick Etienne,NYRB,2018,171,6,4,21.73402068,0.166666667,1,0.788504997,0.070597544,0.211495003,3,24.53189459,0,0.124860025,-0.124860025,0.913365022,0.131417499,0.041620008,0.035249167,-0.041620008
Samuel,Armenteros,Samuel Armenteros,POR,2018,156,4,0,8.505251393,0,0,0.91093002,-0.91093002,-0.91093002,0,NA,0,0,0,0.91093002,0.227732505,0,-0.227732505,0
Ismael,Tajouri,Ismael Tajouri,NYC,2018,291,4,3,16.96248726,0.5,3,0.664913428,1.025146956,2.335086572,3,31.91651859,1,0.23294181,0.76705819,0.897855238,0.166228357,0.07764727,0.583771643,0.255686063
Cory,Burke,Cory Burke,PHI,2018,87,2,0,25.25049772,0.5,0,0.110124827,-0.110124827,-0.110124827,3,11.77680654,1,0.783845871,0.216154129,0.893970698,0.055062413,0.261281957,-0.055062413,0.072051376
Milton,Valenzuela,Milton Valenzuela,CLB,2018,503,4,3,18.97707893,0.25,1,0.449794357,0.410388603,0.550205643,4,19.27715358,1,0.414793654,0.585206346,0.864588011,0.112448589,0.103698413,0.137551411,0.146301587
Aaron,Long,Aaron Long,NYRB,2018,234,5,2,9.383557802,0,1,0.795622172,0.666992395,0.204377828,1,24.06460108,0,0.046097183,-0.046097183,0.841719355,0.159124434,0.046097183,0.040875566,-0.046097183
Dominic,Dwyer,Dominic Dwyer,ORL,2018,163,6,4,19.68677395,0.333333333,3,0.815012226,0.900960244,2.184987774,0,NA,0,0,0,0.815012226,0.135835371,0,0.364164629,0
Florian,Valot,Florian Valot,NYRB,2018,183,3,1,18.10440347,0.333333333,1,0.457929472,0.066561966,0.542070528,2,16.43230251,1,0.35523658,0.64476342,0.813166052,0.152643157,0.17761829,0.180690176,0.32238171
Chris,Pontius,Chris Pontius,LAG,2018,242,6,3,12.57062692,0,1,0.643093405,-0.064776432,0.356906595,2,26.81491132,0,0.161035975,-0.161035975,0.80412938,0.107182234,0.080517988,0.059484432,-0.080517988
Yangel,Herrera,Yangel Herrera,NYC,2018,486,7,4,22.0403764,0.142857143,0,0.453159489,0.156653665,-0.453159489,3,19.9590774,1,0.342604466,0.657395534,0.795763955,0.06473707,0.114201489,-0.06473707,0.219131845
Saphir,Taider,Saphir Taider,MTL,2018,398,10,2,25.50546154,0.1,0,0.616984833,-0.472767864,-0.616984833,4,27.65244685,0,0.176405605,-0.176405605,0.793390438,0.061698483,0.044101401,-0.061698483,-0.044101401
Andy,Polo,Andy Polo,POR,2018,169,2,2,16.82452252,0,0,0.300926562,-0.008793925,-0.300926562,3,12.89450367,0,0.486496208,-0.486496208,0.78742277,0.150463281,0.162165403,-0.150463281,-0.162165403
Vincent,Bezecourt,Vincent Bezecourt,NYRB,2018,289,3,1,22.1244386,0.666666667,0,0.220061378,0.302168463,-0.220061378,3,11.30601296,1,0.562120083,0.437879917,0.782181461,0.073353793,0.187373361,-0.073353793,0.145959972
Matt,Hedges,Matt Hedges,FCD,2018,386,2,0,7.759432996,0,0,0.644934302,-0.644934302,-0.644934302,1,16.90973167,0,0.126875907,-0.126875907,0.771810209,0.322467151,0.126875907,-0.322467151,-0.126875907
Johan,Blomberg,Johan Blomberg,COL,2018,344,3,1,29.39838147,0,0,0.121543973,-0.038094492,-0.121543973,3,13.1408169,2,0.635770187,1.364229813,0.75731416,0.040514658,0.211923396,-0.040514658,0.454743271
Oniel,Fisher,Oniel Fisher,DCU,2018,197,1,0,30.69693307,1,0,0.017427956,-0.017427956,-0.017427956,1,4.157189555,0,0.733845227,-0.733845227,0.751273184,0.017427956,0.733845227,-0.017427956,-0.733845227
Dairon,Asprilla,Dairon Asprilla,POR,2018,125,7,2,19.72387232,0.285714286,0,0.509645507,-0.064694146,-0.509645507,1,16.72412629,0,0.237142922,-0.237142922,0.746788429,0.072806501,0.237142922,-0.072806501,-0.237142922
Luis,Silva,Luis Silva,RSL,2018,331,7,4,20.23755391,0.142857143,1,0.534008715,-0.11746646,0.465991285,2,22.29419413,0,0.200591439,-0.200591439,0.734600154,0.076286959,0.10029572,0.066570184,-0.10029572
Marco,Delgado,Marco Delgado,TOR,2018,120,1,0,19.82971508,0,0,0.165884123,-0.165884123,-0.165884123,6,18.29095943,0,0.565283903,-0.565283903,0.731168025,0.165884123,0.094213984,-0.165884123,-0.094213984
Corey,Baird,Corey Baird,RSL,2018,152,2,2,28.82196211,0,1,0.114197111,0.419022888,0.885802889,2,21.17314304,1,0.616920632,0.383079368,0.731117743,0.057098555,0.308460316,0.442901445,0.191539684
Ike,Opara,Ike Opara,SKC,2018,576,5,1,15.92257799,0,0,0.633430316,-0.049461857,-0.633430316,1,10.77497216,0,0.093938423,-0.093938423,0.727368739,0.126686063,0.093938423,-0.126686063,-0.093938423
Alejandro,Romero Gamarra,Alejandro Romero Gamarra,NYRB,2018,259,3,1,30.40498808,0.333333333,0,0.126097199,0.1847051,-0.126097199,3,15.15959111,2,0.597715871,1.402284129,0.72381307,0.0420324,0.199238624,-0.0420324,0.467428043
Yefferson,Quintana,Yefferson Quintana,SJE,2018,346,2,1,5.59008021,0,1,0.612156481,-0.162374072,0.387843519,1,16.0916904,0,0.109572205,-0.109572205,0.721728685,0.30607824,0.109572205,0.19392176,-0.109572205
Nicolas,Mezquida,Nicolas Mezquida,VAN,2018,134,2,1,9.632341037,0,0,0.678975547,0.184910032,-0.678975547,1,30.55676071,0,0.033827066,-0.033827066,0.712802613,0.339487774,0.033827066,-0.339487774,-0.033827066
Tomas,Martinez,Tomas Martinez,HOU,2018,201,5,1,25.72715179,0.2,0,0.280048585,-0.256235839,-0.280048585,5,18.1379656,1,0.426508432,0.573491568,0.706557017,0.056009717,0.085301686,-0.056009717,0.114698314
Felipe,Felipe,Felipe,VAN,2018,512,2,1,27.04979644,0.5,0,0.113093798,-0.050135682,-0.113093798,7,17.84484517,1,0.59323077,0.40676923,0.706324568,0.056546899,0.084747253,-0.056546899,0.05810989
Harrison,Afful,Harrison Afful,CLB,2018,570,10,4,24.56558534,0.2,0,0.500502135,-0.128581186,-0.500502135,4,25.39769516,0,0.191733249,-0.191733249,0.692235383,0.050050213,0.047933312,-0.050050213,-0.047933312
Auro,Auro,Auro,TOR,2018,166,1,0,14.53370651,0,0,0.050339402,-0.050339402,-0.050339402,2,17.42868682,0,0.639274217,-0.639274217,0.689613619,0.050339402,0.319637108,-0.050339402,-0.319637108
Jonathan,dos Santos,Jonathan dos Santos,LAG,2018,284,3,2,19.79718956,0,1,0.415477248,0.358827081,0.584522752,3,20.70829329,0,0.267264267,-0.267264267,0.682741515,0.138492416,0.089088089,0.194840917,-0.089088089
Zlatan,Ibrahimovic,Zlatan Ibrahimovic,LAG,2018,55,7,5,26.92665966,0.142857143,2,0.678388326,0.208598932,1.321611674,0,NA,0,0,0,0.678388326,0.096912618,0,0.188801668,0
Fabrice-Jean,Picault,Fabrice-Jean Picault,PHI,2018,98,3,2,10.62461764,0.333333333,0,0.333769733,-0.106178171,-0.333769733,2,19.20313124,1,0.333441583,0.666558417,0.667211316,0.111256578,0.166720791,-0.111256578,0.333279209
Steve,Birnbaum,Steve Birnbaum,DCU,2018,485,6,2,13.4771708,0.166666667,0,0.237326294,-0.158158732,-0.237326294,2,19.69556353,0,0.415184913,-0.415184913,0.652511208,0.039554382,0.207592457,-0.039554382,-0.207592457
Ulises,Segura,Ulises Segura,DCU,2018,352,5,1,28.33406522,0.6,0,0.251863949,-0.219930705,-0.251863949,3,17.23125219,0,0.398724391,-0.398724391,0.650588341,0.05037279,0.13290813,-0.05037279,-0.13290813
Bastian,Schweinsteiger,Bastian Schweinsteiger,CHI,2018,286,1,0,25.0701421,1,0,0.090864834,-0.090864834,-0.090864834,5,16.97978649,2,0.558758237,1.441241763,0.649623071,0.090864834,0.111751647,-0.090864834,0.288248353
Mohamed,El-Munir,Mohamed El-Munir,ORL,2018,491,6,1,33.42174201,0.666666667,0,0.144085239,-0.068176093,-0.144085239,4,16.26486269,1,0.504871496,0.495128504,0.648956736,0.024014207,0.126217874,-0.024014207,0.123782126
Kevin,Molino,Kevin Molino,MIN,2018,149,4,3,20.70188942,0.25,2,0.315288753,0.827339837,1.684711247,1,15.10530453,1,0.321334014,0.678665986,0.636622768,0.078822188,0.321334014,0.421177812,0.678665986
Christian,Ramirez,Christian Ramirez,MIN,2018,325,2,0,23.13395421,0.5,0,0.191229132,-0.191229132,-0.191229132,3,19.35378129,1,0.442531228,0.557468772,0.63376036,0.095614566,0.147510409,-0.095614566,0.185822924
Darlington,Nagbe,Darlington Nagbe,ATL,2018,467,4,1,26.81453845,0.5,0,0.192657877,-0.110573224,-0.192657877,9,25.55771096,0,0.439223374,-0.439223374,0.631881251,0.048164469,0.048802597,-0.048164469,-0.048802597
Brek,Shea,Brek Shea,VAN,2018,255,5,4,21.98343611,0.2,3,0.505962859,0.481949457,2.494037141,2,24.76994652,0,0.123101204,-0.123101204,0.629064063,0.101192572,0.061550602,0.498807428,-0.061550602
Elliot,Collier,Elliot Collier,CHI,2018,221,4,2,15.20606372,0.25,1,0.518963214,0.510097505,0.481036786,2,26.90904792,0,0.087073018,-0.087073018,0.606036232,0.129740804,0.043536509,0.120259196,-0.043536509
Adolfo,Machado,Adolfo Machado,HOU,2018,396,0,0,NA,NA,0,0,0,0,4,19.18404501,0,0.599060832,-0.599060832,0.599060832,0,0.149765208,0,-0.149765208
David,Guzman,David Guzman,POR,2018,189,4,1,29.34263568,0.5,0,0.221047757,0.10286022,-0.221047757,6,15.66427068,0,0.374972538,-0.374972538,0.596020295,0.055261939,0.062495423,-0.055261939,-0.062495423
Stefano,Pinho,Stefano Pinho,ORL,2018,84,3,1,11.50823851,0,1,0.594054129,0.258538032,0.405945871,0,NA,0,0,0,0.594054129,0.198018043,0,0.13531529,0
Juan,Agudelo,Juan Agudelo,NER,2018,164,4,2,15.92512276,0,1,0.593827404,0.275038793,0.406172596,0,NA,0,0,0,0.593827404,0.148456851,0,0.101543149,0
Henry,Wingo,Henry Wingo,SEA,2018,93,2,1,18.27572828,0.5,0,0.178208579,-0.140000669,-0.178208579,3,20.04181878,0,0.403778654,-0.403778654,0.581987233,0.089104289,0.134592885,-0.089104289,-0.134592885
Jeff,Larentowicz,Jeff Larentowicz,ATL,2018,436,2,0,20.09210326,0.5,0,0.346207932,-0.346207932,-0.346207932,3,22.52964857,1,0.218617486,0.781382514,0.564825418,0.173103966,0.072872495,-0.173103966,0.260460838
Ben,Sweat,Ben Sweat,NYC,2018,388,2,1,23.44515281,0,0,0.253359165,-0.104426352,-0.253359165,5,25.03256487,1,0.309990491,0.690009509,0.563349656,0.126679582,0.061998098,-0.126679582,0.138001902
Erik,Hurtado,Erik Hurtado,VAN,2018,43,2,1,17.95656001,0,1,0.487491384,0.180879749,0.512508616,1,20.78631341,0,0.067153065,-0.067153065,0.554644449,0.243745692,0.067153065,0.256254308,-0.067153065
Nick,DeLeon,Nick DeLeon,DCU,2018,485,3,0,15.11864623,0.333333333,0,0.54522924,-0.54522924,-0.54522924,0,NA,0,0,0,0.54522924,0.18174308,0,-0.18174308,0
Christopher,Durkin,Christopher Durkin,DCU,2018,256,2,1,23.06230844,0.5,0,0.427322291,0.256299894,-0.427322291,1,17.3261219,0,0.115027947,-0.115027947,0.542350238,0.213661145,0.115027947,-0.213661145,-0.115027947
Jordon,Mutch,Jordon Mutch,VAN,2018,221,2,1,34.35479618,0.5,0,0.053427942,0.027938422,-0.053427942,2,17.95656001,1,0.487491384,0.512508616,0.540919325,0.026713971,0.243745692,-0.026713971,0.256254308
Niki,Jackson,Niki Jackson,COL,2018,80,3,1,17.69084055,0.333333333,1,0.538236976,-0.244370322,0.461763024,0,NA,0,0,0,0.538236976,0.179412325,0,0.153921008,0
Ashley,Cole,Ashley Cole,LAG,2018,370,1,1,26.31763667,0,0,0.041528032,0.186241894,-0.041528032,7,21.23065495,1,0.48161639,0.51838361,0.523144422,0.041528032,0.068802341,-0.041528032,0.074054801
Jonathan,Osorio,Jonathan Osorio,TOR,2018,262,2,2,19.42830629,0,0,0.173864282,0.013719789,-0.173864282,5,23.27142698,0,0.348785745,-0.348785745,0.522650027,0.086932141,0.069757149,-0.086932141,-0.069757149
Kendall,Waston,Kendall Waston,VAN,2018,404,4,0,13.19897153,0,0,0.288163133,-0.288163133,-0.288163133,1,8.179096833,0,0.228988728,-0.228988728,0.51715186,0.072040783,0.228988728,-0.072040783,-0.228988728
Fabian,Herbers,Fabian Herbers,PHI,2018,192,4,1,18.64639497,0.5,0,0.357094028,-0.207333896,-0.357094028,2,21.07006991,0,0.158297695,-0.158297695,0.515391723,0.089273507,0.079148848,-0.089273507,-0.079148848
Luis,Solignac,Luis Solignac,CHI,2018,177,2,0,10.0502603,0,0,0.484055946,-0.484055946,-0.484055946,1,31.76886684,0,0.030970252,-0.030970252,0.515026198,0.242027973,0.030970252,-0.242027973,-0.030970252
RJ,Allen,RJ Allen,ORL,2018,167,1,0,18.38218975,0,0,0.089519018,-0.089519018,-0.089519018,4,17.87984811,1,0.417924086,0.582075914,0.507443104,0.089519018,0.104481022,-0.089519018,0.145518978
Jo,Inge Berget,Jo Inge Berget,NYC,2018,164,2,1,10.62391674,0,0,0.506310065,-0.104971631,-0.506310065,0,NA,0,0,0,0.506310065,0.253155033,0,-0.253155033,0
Raheem,Edwards,Raheem Edwards,MTL,2018,123,2,1,15.66947532,0,1,0.202320244,0.254923144,0.797679756,2,20.93234753,0,0.290808419,-0.290808419,0.493128664,0.101160122,0.14540421,0.398839878,-0.14540421
Josue,Colman,Josue Colman,ORL,2018,138,3,1,20.72286355,0.333333333,1,0.293201899,-0.157447044,0.706798101,4,29.58705588,0,0.196037392,-0.196037392,0.489239291,0.097733966,0.049009348,0.235599367,-0.049009348
Francisco,Calvo,Francisco Calvo,MIN,2018,390,5,0,16.65215928,0,0,0.336381108,-0.336381108,-0.336381108,1,15.76967422,0,0.145584782,-0.145584782,0.48196589,0.067276222,0.145584782,-0.067276222,-0.145584782
Oscar,Boniek Garcia,Oscar Boniek Garcia,HOU,2018,119,1,0,25.01977018,0,0,0.045328349,-0.045328349,-0.045328349,4,10.19337183,1,0.432007846,0.567992154,0.477336195,0.045328349,0.108001962,-0.045328349,0.141998038
Paul,Arriola,Paul Arriola,DCU,2018,385,7,2,26.32728597,0.714285714,0,0.393232622,-0.10780585,-0.393232622,2,20.74511791,0,0.081558485,-0.081558485,0.474791107,0.056176089,0.040779242,-0.056176089,-0.040779242
Sean,Davis,Sean Davis,NYRB,2018,188,1,0,26.91011891,1,0,0.045492543,-0.045492543,-0.045492543,4,14.19672733,1,0.428413437,0.571586563,0.47390598,0.045492543,0.107103359,-0.045492543,0.142896641
Michael,Bradley,Michael Bradley,TOR,2018,286,3,1,26.61314008,0.666666667,0,0.140864085,-0.073477831,-0.140864085,4,25.47301996,0,0.329256394,-0.329256394,0.470120479,0.046954695,0.082314099,-0.046954695,-0.082314099
Wil,Trapp,Wil Trapp,CLB,2018,477,0,0,NA,NA,0,0,0,0,5,24.7924918,0,0.46386441,-0.46386441,0.46386441,0,0.092772882,0,-0.092772882
Keegan,Rosenberry,Keegan Rosenberry,PHI,2018,378,3,1,26.47879532,0.333333333,0,0.113693595,0.185327837,-0.113693595,4,19.03989463,0,0.347555375,-0.347555375,0.46124897,0.037897865,0.086888844,-0.037897865,-0.086888844
Saad,Abdul-Salaam,Saad Abdul-Salaam,NYC,2018,290,1,0,10.79762937,1,0,0.160820581,-0.160820581,-0.160820581,1,10.94869969,1,0.291898697,0.708101303,0.452719278,0.160820581,0.291898697,-0.160820581,0.708101303
Yordy,Reyna,Yordy Reyna,VAN,2018,294,4,1,21.34002465,0.5,0,0.287147387,-0.094122031,-0.287147387,2,25.10380018,0,0.163936106,-0.163936106,0.451083493,0.071786847,0.081968053,-0.071786847,-0.081968053
Nicolas,Hasler,Nicolas Hasler,TOR,2018,123,3,1,13.10492524,0,0,0.41505021,-0.255419774,-0.41505021,1,25.37957102,0,0.035751432,-0.035751432,0.450801642,0.13835007,0.035751432,-0.13835007,-0.035751432
Ilsinho,Ilsinho,Ilsinho,PHI,2018,63,1,0,15.51631722,0,0,0.132729835,-0.132729835,-0.132729835,3,18.07410359,0,0.316119336,-0.316119336,0.448849171,0.132729835,0.105373112,-0.132729835,-0.105373112
Servando,Carrasco,Servando Carrasco,LAG,2018,219,2,0,12.37425704,0.5,0,0.287982457,-0.287982457,-0.287982457,1,15.39592884,1,0.153889333,0.846110667,0.44187179,0.143991229,0.153889333,-0.143991229,0.846110667
Fabinho,Fabinho,Fabinho,PHI,2018,138,1,0,23.30325299,1,0,0.040276715,-0.040276715,-0.040276715,1,7.823681998,0,0.39313457,-0.39313457,0.433411285,0.040276715,0.39313457,-0.040276715,-0.39313457
Tesho,Akindele,Tesho Akindele,FCD,2018,7,0,0,NA,NA,0,0,0,0,1,8.158431222,0,0.431722655,-0.431722655,0.431722655,0,0.431722655,0,-0.431722655
Gerso,Fernandes,Gerso Fernandes,SKC,2018,148,4,1,18.06468391,0,0,0.386431752,-0.134361543,-0.386431752,1,13.18506067,0,0.041735651,-0.041735651,0.428167403,0.096607938,0.041735651,-0.096607938,-0.041735651
Anton,Nedyalkov,Anton Nedyalkov,FCD,2018,243,4,1,26.94226315,0.25,0,0.184870029,-0.096659449,-0.184870029,2,23.08391324,1,0.228769608,0.771230392,0.413639636,0.046217507,0.114384804,-0.046217507,0.385615196
Zarek,Valentin,Zarek Valentin,POR,2018,417,1,0,35.276596,0,0,0.024274958,-0.024274958,-0.024274958,5,16.65085063,0,0.388604392,-0.388604392,0.41287935,0.024274958,0.077720878,-0.024274958,-0.077720878
Jacori,Hayes,Jacori Hayes,FCD,2018,360,2,1,26.03081662,0,0,0.14402153,-0.122346127,-0.14402153,7,28.15888343,1,0.266287378,0.733712622,0.410308908,0.072010765,0.038041054,-0.072010765,0.104816089
Damir,Kreilach,Damir Kreilach,RSL,2018,463,5,1,21.41020113,0.2,0,0.307683874,-0.142360423,-0.307683874,1,18.64244619,0,0.101247978,-0.101247978,0.408931852,0.061536775,0.101247978,-0.061536775,-0.101247978
Darwin,Ceren,Darwin Ceren,HOU,2018,381,1,1,11.41307255,1,1,0.231124443,0.643203784,0.768875557,4,27.71405032,0,0.17262991,-0.17262991,0.403754354,0.231124443,0.043157478,0.768875557,-0.043157478
Jimmy,Medranda,Jimmy Medranda,SKC,2018,291,4,1,26.561547,0.5,1,0.169902788,0.024148079,0.830097212,4,23.72977031,0,0.228005524,-0.228005524,0.397908312,0.042475697,0.057001381,0.207524303,-0.057001381
Alex,Muyl,Alex Muyl,NYRB,2018,94,4,2,25.50910658,0.5,1,0.215776192,0.198839521,0.784223808,1,20.4173872,1,0.180272269,0.819727731,0.396048461,0.053944048,0.180272269,0.196055952,0.819727731
Kevin,Garcia,Kevin Garcia,HOU,2018,251,2,0,19.49289717,0,0,0.08084001,-0.08084001,-0.08084001,3,16.94614484,0,0.311782407,-0.311782407,0.392622417,0.040420005,0.103927469,-0.040420005,-0.103927469
Edgar,Castillo,Edgar Castillo,COL,2018,382,1,1,20.59709688,1,0,0.076120016,-0.013800627,-0.076120016,3,25.91812931,1,0.304772146,0.695227854,0.380892162,0.076120016,0.101590715,-0.076120016,0.231742618
Nick,Lima,Nick Lima,SJE,2018,387,4,3,28.61246267,0.25,0,0.167368202,0.329881976,-0.167368202,2,24.64622648,0,0.199052965,-0.199052965,0.366421167,0.041842051,0.099526482,-0.041842051,-0.099526482
Rodney,Wallace,Rodney Wallace,NYC,2018,287,4,1,19.45476828,0.25,0,0.361310592,-0.227894108,-0.361310592,0,NA,0,0,0,0.361310592,0.090327648,0,-0.090327648,0
Richie,Laryea,Richie Laryea,ORL,2018,128,2,0,24.45202485,0,0,0.099248615,-0.099248615,-0.099248615,3,23.89850585,0,0.261211246,-0.261211246,0.360459861,0.049624308,0.087070415,-0.049624308,-0.087070415
Claude,Dielna,Claude Dielna,NER,2018,376,7,0,28.91183276,0.571428571,0,0.299474344,-0.299474344,-0.299474344,1,21.80939247,0,0.060737449,-0.060737449,0.360211793,0.042782049,0.060737449,-0.042782049,-0.060737449
Zoltan,Stieber,Zoltan Stieber,DCU,2018,213,1,0,26.76410282,1,0,0.039536286,-0.039536286,-0.039536286,5,18.18778427,0,0.316897673,-0.316897673,0.356433959,0.039536286,0.063379535,-0.039536286,-0.063379535
Andrew,Carleton,Andrew Carleton,ATL,2018,26,0,0,NA,NA,0,0,0,0,2,14.80159686,1,0.349384493,0.650615507,0.349384493,0,0.174692247,0,0.325307753
Gabriel,Somi,Gabriel Somi,NER,2018,391,4,0,26.46951756,0.25,0,0.124328462,-0.124328462,-0.124328462,3,19.07878092,1,0.220637861,0.779362139,0.344966323,0.031082116,0.073545954,-0.031082116,0.25978738
Diego,Rubio,Diego Rubio,SKC,2018,73,1,1,10.40211998,0,1,0.317707662,0.550447628,0.682292338,1,33.74493888,0,0.026732373,-0.026732373,0.344440035,0.317707662,0.026732373,0.682292338,-0.026732373
Samuel,Piette,Samuel Piette,MTL,2018,486,2,0,24.61943477,1,0,0.086834751,-0.086834751,-0.086834751,6,29.08584196,1,0.256849798,0.743150202,0.34368455,0.043417376,0.0428083,-0.043417376,0.123858367
Cristian,Colman,Cristian Colman,FCD,2018,93,2,1,15.56374507,0,1,0.316720528,0.208018501,0.683279472,1,34.92486829,0,0.0229848,-0.0229848,0.339705328,0.158360264,0.0229848,0.341639736,-0.0229848
Andrew,Farrell,Andrew Farrell,NER,2018,478,1,1,17.71887412,0,1,0.06996295,0.275261544,0.93003705,2,20.42530872,0,0.268666478,-0.268666478,0.338629427,0.06996295,0.134333239,0.93003705,-0.134333239
Victor,Cabrera,Victor Cabrera,MTL,2018,486,1,1,7.190537184,0,0,0.266178007,0.062854341,-0.266178007,2,25.08036313,0,0.066610226,-0.066610226,0.332788234,0.266178007,0.033305113,-0.266178007,-0.033305113
Roman,Torres,Roman Torres,SEA,2018,218,2,0,10.13343039,0,0,0.329864592,-0.329864592,-0.329864592,0,NA,0,0,0,0.329864592,0.164932296,0,-0.164932296,0
Diego,Campos,Diego Campos,CHI,2018,121,4,0,23.062107,0.25,0,0.287513399,-0.287513399,-0.287513399,1,13.36621955,0,0.042243995,-0.042243995,0.329757394,0.07187835,0.042243995,-0.07187835,-0.042243995
Kyle,Duncan,Kyle Duncan,NYRB,2018,383,1,0,28.71366269,1,0,0.020093632,-0.020093632,-0.020093632,4,23.39054532,1,0.30694164,0.69305836,0.327035271,0.020093632,0.07673541,-0.020093632,0.17326459
Matthew,Real,Matthew Real,PHI,2018,148,1,0,34.39625888,0,0,0.013317342,-0.013317342,-0.013317342,3,10.62461764,0,0.312410431,-0.312410431,0.325727773,0.013317342,0.10413681,-0.013317342,-0.10413681
Dax,McCarty,Dax McCarty,CHI,2018,381,3,1,16.25993551,0.333333333,0,0.181744599,0.387122632,-0.181744599,2,25.28506076,0,0.128420759,-0.128420759,0.310165358,0.060581533,0.06421038,-0.060581533,-0.06421038
Cristian,Roldan,Cristian Roldan,SEA,2018,286,4,2,12.57321228,0.25,0,0.287063202,0.278807818,-0.287063202,1,38.74718054,0,0.019495624,-0.019495624,0.306558827,0.071765801,0.019495624,-0.071765801,-0.019495624
Jorgen,Skjelvik,Jorgen Skjelvik,LAG,2018,475,2,1,10.00881302,0.5,0,0.305006734,-0.055652284,-0.305006734,0,NA,0,0,0,0.305006734,0.152503367,0,-0.152503367,0
Lalas,Abubakar,Lalas Abubakar,CLB,2018,426,1,0,4.874679477,0,0,0.300086262,-0.300086262,-0.300086262,0,NA,0,0,0,0.300086262,0.300086262,0,-0.300086262,0
Tosaint,Ricketts,Tosaint Ricketts,TOR,2018,16,1,1,10.26893495,1,1,0.30008619,0.148487628,0.69991381,0,NA,0,0,0,0.30008619,0.30008619,0,0.69991381,0
Gustav,Svensson,Gustav Svensson,SEA,2018,286,3,2,20.76724863,0.666666667,0,0.226272467,-0.017803334,-0.226272467,3,47.72409851,0,0.073796573,-0.073796573,0.300069041,0.075424156,0.024598858,-0.075424156,-0.024598858
Frederic,Brillant,Frederic Brillant,DCU,2018,485,1,1,14.41821071,0,0,0.074386942,0.346337699,-0.074386942,1,9.915726146,1,0.224900093,0.775099907,0.299287035,0.074386942,0.224900093,-0.074386942,0.775099907
Florian,Jungwirth,Florian Jungwirth,SJE,2018,366,3,1,26.81361694,0.666666667,0,0.103751607,-0.085018894,-0.103751607,4,25.13418128,0,0.189791721,-0.189791721,0.293543328,0.034583869,0.04744793,-0.034583869,-0.04744793
Eric,Alexander,Eric Alexander,HOU,2018,379,3,0,28.92022724,0.333333333,0,0.120871572,-0.120871572,-0.120871572,3,23.37056957,0,0.170873699,-0.170873699,0.291745272,0.040290524,0.0569579,-0.040290524,-0.0569579
Giovani,dos Santos,Giovani dos Santos,LAG,2018,119,4,1,21.6889481,0.75,0,0.290862684,-0.211143402,-0.290862684,0,NA,0,0,0,0.290862684,0.072715671,0,-0.072715671,0
Ager,Aketxe,Ager Aketxe,TOR,2018,163,4,0,30.45949236,0.75,0,0.167306106,-0.167306106,-0.167306106,2,26.33748683,0,0.121890717,-0.121890717,0.289196823,0.041826526,0.060945358,-0.041826526,-0.060945358
Michael,Petrasso,Michael Petrasso,MTL,2018,289,1,0,33.46604249,0,0,0.013879833,-0.013879833,-0.013879833,2,16.62590618,0,0.268777212,-0.268777212,0.282657045,0.013879833,0.134388606,-0.013879833,-0.134388606
Anibal,Godoy,Anibal Godoy,SJE,2018,387,4,2,32.78680365,0.25,0,0.148325985,-0.118029183,-0.148325985,2,26.80581674,0,0.130992335,-0.130992335,0.27931832,0.037081496,0.065496167,-0.037081496,-0.065496167
Abu,Danladi,Abu Danladi,MIN,2018,121,2,1,12.58237747,0,0,0.277743215,0.485684216,-0.277743215,0,NA,0,0,0,0.277743215,0.138871607,0,-0.138871607,0
Scott,Caldwell,Scott Caldwell,NER,2018,423,1,0,23.85436648,0,0,0.05810765,-0.05810765,-0.05810765,6,31.63092501,0,0.212870021,-0.212870021,0.270977672,0.05810765,0.035478337,-0.05810765,-0.035478337
Rasmus,Schuller,Rasmus Schuller,MIN,2018,390,1,0,11.76020833,0,0,0.057086981,-0.057086981,-0.057086981,4,25.95341157,1,0.200740042,0.799259958,0.257827023,0.057086981,0.05018501,-0.057086981,0.19981499
Brandon,Bye,Brandon Bye,NER,2018,151,4,1,31.83022572,0.5,0,0.120977426,0.006378529,-0.120977426,1,22.0767621,0,0.133934039,-0.133934039,0.254911465,0.030244356,0.133934039,-0.030244356,-0.133934039
Luis,Caicedo,Luis Caicedo,NER,2018,202,3,1,29.70971927,0.333333333,0,0.085729186,-0.070148581,-0.085729186,2,24.74924855,0,0.168532229,-0.168532229,0.254261414,0.028576395,0.084266114,-0.028576395,-0.084266114
Justen,Glad,Justen Glad,RSL,2018,480,2,0,11.36336009,0,0,0.185788876,-0.185788876,-0.185788876,1,19.97174066,0,0.063218007,-0.063218007,0.249006883,0.092894438,0.063218007,-0.092894438,-0.063218007
Reggie,Cannon,Reggie Cannon,FCD,2018,347,1,0,18.99572649,0,0,0.056099498,-0.056099498,-0.056099498,1,9.112322701,0,0.191222286,-0.191222286,0.247321784,0.056099498,0.191222286,-0.056099498,-0.191222286
Efrain,Juarez,Efrain Juarez,VAN,2018,442,2,0,22.37799286,0,0,0.152412004,-0.152412004,-0.152412004,2,26.55499648,0,0.094734996,-0.094734996,0.247147,0.076206002,0.047367498,-0.076206002,-0.047367498
Benjamin,Mines,Benjamin Mines,NYRB,2018,94,1,1,9.719588469,0,1,0.247006365,0.003741998,0.752993635,0,NA,0,0,0,0.247006365,0.247006365,0,0.752993635,0
Bill,Poni Tuiloma,Bill Poni Tuiloma,POR,2018,289,1,1,9.312013746,0,1,0.145186449,0.481884109,0.854813551,1,15.31759854,0,0.101251536,-0.101251536,0.246437984,0.145186449,0.101251536,0.854813551,-0.101251536
Harry,Shipp,Harry Shipp,SEA,2018,117,2,1,20.18982267,0,0,0.238791192,-0.144934768,-0.238791192,0,NA,0,0,0,0.238791192,0.119395596,0,-0.119395596,0
Andrew,Tarbell,Andrew Tarbell,SJE,2018,387,1,0,10.66013602,0,0,0.118292125,-0.118292125,-0.118292125,1,17.434501,0,0.115425903,-0.115425903,0.233718028,0.118292125,0.115425903,-0.118292125,-0.115425903
Andres,Flores,Andres Flores,POR,2018,115,1,0,35.362291,0,0,0.023914655,-0.023914655,-0.023914655,1,8.406380018,1,0.209756552,0.790243448,0.233671208,0.023914655,0.209756552,-0.023914655,0.790243448
Krisztian,Nemeth,Krisztian Nemeth,NER,2018,39,1,0,16.76415894,0,0,0.115226564,-0.115226564,-0.115226564,2,23.71962446,0,0.117591669,-0.117591669,0.232818233,0.115226564,0.058795835,-0.115226564,-0.058795835
Brent,Kallman,Brent Kallman,MIN,2018,95,1,0,12.68777364,0,0,0.071399336,-0.071399336,-0.071399336,1,10.1226133,0,0.159674899,-0.159674899,0.231074235,0.071399336,0.159674899,-0.071399336,-0.159674899
Brooks,Lennon,Brooks Lennon,RSL,2018,328,0,0,NA,NA,0,0,0,0,4,22.13592075,1,0.230889089,0.769110911,0.230889089,0,0.057722272,0,0.192277728
Clint,Dempsey,Clint Dempsey,SEA,2018,36,1,1,38.74718054,0,0,0.019495624,0.038999046,-0.019495624,1,13.2867989,0,0.205735909,-0.205735909,0.225231533,0.019495624,0.205735909,-0.019495624,-0.205735909
Mark-Anthony,Kaye,Mark-Anthony Kaye,LAFC,2018,360,3,0,27.2486887,0,0,0.095893807,-0.095893807,-0.095893807,4,30.6095748,0,0.124840494,-0.124840494,0.2207343,0.031964602,0.031210123,-0.031964602,-0.031210123
Carlos,Gruezo,Carlos Gruezo,FCD,2018,359,7,1,27.67403069,0.571428571,0,0.219823697,-0.202398763,-0.219823697,0,NA,0,0,0,0.219823697,0.031403385,0,-0.031403385,0
Marlon,Hairston,Marlon Hairston,COL,2018,252,1,1,12.59851678,0,0,0.219819003,0.453206542,-0.219819003,0,NA,0,0,0,0.219819003,0.219819003,0,-0.219819003,0
Aurelien,Collin,Aurelien Collin,NYRB,2018,149,2,0,11.33240015,0.5,0,0.180720639,-0.180720639,-0.180720639,1,25.039054,0,0.0390261,-0.0390261,0.21974674,0.09036032,0.0390261,-0.09036032,-0.0390261
Eduard,Atuesta,Eduard Atuesta,LAFC,2018,53,1,0,20.7,0,0,0.082091233,-0.082091233,-0.082091233,2,22.84514978,0,0.136329506,-0.136329506,0.21842074,0.082091233,0.068164753,-0.082091233,-0.068164753
Scott,Sutter,Scott Sutter,ORL,2018,328,3,1,25.87675534,0,0,0.101259401,0.054783738,-0.101259401,1,17.6403125,1,0.114861019,0.885138981,0.21612042,0.033753134,0.114861019,-0.033753134,0.885138981
Alan,Gordon,Alan Gordon,CHI,2018,113,1,1,14.77560151,0,0,0.088393033,-0.020285816,-0.088393033,2,23.32049149,0,0.127326774,-0.127326774,0.215719808,0.088393033,0.063663387,-0.088393033,-0.063663387
Handwalla,Bwana,Handwalla Bwana,SEA,2018,172,2,0,23.08229879,0.5,0,0.118536032,-0.118536032,-0.118536032,1,12.98258834,0,0.092825386,-0.092825386,0.211361418,0.059268016,0.092825386,-0.059268016,-0.092825386
Greg,Garza,Greg Garza,ATL,2018,296,1,1,17.67224094,0,0,0.062246773,0.346329774,-0.062246773,2,20.32955277,0,0.145921029,-0.145921029,0.208167802,0.062246773,0.072960514,-0.062246773,-0.072960514
Drew,Conner,Drew Conner,CHI,2018,143,0,0,NA,NA,0,0,0,0,3,17.00120847,0,0.205548048,-0.205548048,0.205548048,0,0.068516016,0,-0.068516016
Chad,Marshall,Chad Marshall,SEA,2018,193,2,0,11.64831092,0,0,0.203777072,-0.203777072,-0.203777072,0,NA,0,0,0,0.203777072,0.101888536,0,-0.101888536,0
Chris,McCann,Chris McCann,ATL,2018,402,2,0,19.73565368,0.5,0,0.158982603,-0.158982603,-0.158982603,1,22.27447923,0,0.043633024,-0.043633024,0.202615627,0.079491302,0.043633024,-0.079491302,-0.043633024
Jakob,Nerwinski,Jakob Nerwinski,VAN,2018,588,0,0,NA,NA,0,0,0,0,3,21.46364204,0,0.201556337,-0.201556337,0.201556337,0,0.067185446,0,-0.067185446
Anthony,Blondell,Anthony Blondell,VAN,2018,126,4,1,27.53821099,0.25,0,0.157417931,-0.085741458,-0.157417931,1,28.70203172,0,0.037089996,-0.037089996,0.194507927,0.039354483,0.037089996,-0.039354483,-0.037089996
Memo,Rodriguez,Memo Rodriguez,HOU,2018,17,2,0,17.92666497,0,0,0.1928241,-0.1928241,-0.1928241,0,NA,0,0,0,0.1928241,0.09641205,0,-0.09641205,0
Kevin,Kratz,Kevin Kratz,ATL,2018,138,2,0,30.44237032,0.5,0,0.09850146,-0.09850146,-0.09850146,2,27.27560671,0,0.092234465,-0.092234465,0.190735925,0.04925073,0.046117232,-0.04925073,-0.046117232
Perry,Kitchen,Perry Kitchen,LAG,2018,475,2,0,15.1730243,0.5,0,0.125332992,-0.125332992,-0.125332992,1,20.88448467,0,0.065037998,-0.065037998,0.19037099,0.062666496,0.065037998,-0.062666496,-0.065037998
Waylon,Francis,Waylon Francis,SEA,2018,86,0,0,NA,NA,0,0,0,0,2,15.51895641,0,0.182300907,-0.182300907,0.182300907,0,0.091150454,0,-0.091150454
Amro,Tarek,Amro Tarek,ORL,2018,371,2,1,23.21707259,0,0,0.133733523,-0.118325973,-0.133733523,1,26.47426675,0,0.046269785,-0.046269785,0.180003308,0.066866762,0.046269785,-0.066866762,-0.046269785
Tony,Tchani,Tony Tchani,CHI,2018,345,2,0,17.43897831,0,0,0.073464732,-0.073464732,-0.073464732,2,14.61708616,0,0.104454185,-0.104454185,0.177918918,0.036732366,0.052227093,-0.036732366,-0.052227093
Brad,Guzan,Brad Guzan,ATL,2018,499,0,0,NA,NA,0,0,0,0,1,13.45286587,0,0.177654189,-0.177654189,0.177654189,0,0.177654189,0,-0.177654189
Kyle,Beckerman,Kyle Beckerman,RSL,2018,480,3,0,19.97837695,0.333333333,0,0.133088175,-0.133088175,-0.133088175,1,12.51735196,0,0.044542614,-0.044542614,0.177630789,0.044362725,0.044542614,-0.044362725,-0.044542614
Diego,Chara,Diego Chara,POR,2018,289,0,0,NA,NA,0,0,0,0,2,14.2105845,0,0.177101693,-0.177101693,0.177101693,0,0.088550846,0,-0.088550846
Cameron,Lindley,Cameron Lindley,ORL,2018,217,2,0,31.33511088,1,0,0.064111133,-0.064111133,-0.064111133,3,28.5654074,0,0.110940457,-0.110940457,0.175051589,0.032055566,0.036980152,-0.032055566,-0.036980152
Maxime,Chanot,Maxime Chanot,NYC,2018,381,1,0,7.840983676,1,0,0.168695904,-0.168695904,-0.168695904,0,NA,0,0,0,0.168695904,0.168695904,0,-0.168695904,0
Santiago,Mosquera,Santiago Mosquera,FCD,2018,126,3,1,30.66620569,0.333333333,0,0.141592974,-0.055511229,-0.141592974,1,35.07870579,0,0.024296398,-0.024296398,0.165889372,0.047197658,0.024296398,-0.047197658,-0.024296398
Fidel,Escobar,Fidel Escobar,NYRB,2018,174,2,1,17.38769767,0.5,0,0.165528842,0.164478105,-0.165528842,0,NA,0,0,0,0.165528842,0.082764421,0,-0.082764421,0
Alvas,Powell,Alvas Powell,POR,2018,241,2,1,15.86232443,0,0,0.160381056,-0.031862541,-0.160381056,0,NA,0,0,0,0.160381056,0.080190528,0,-0.080190528,0
Lamine,Sane,Lamine Sane,ORL,2018,244,1,0,8.163983403,0,0,0.126803728,-0.126803728,-0.126803728,1,30.82774238,0,0.031880081,-0.031880081,0.15868381,0.126803728,0.031880081,-0.126803728,-0.031880081
Marc,Burch,Marc Burch,MIN,2018,188,0,0,NA,NA,0,0,0,0,2,14.96119245,0,0.158501709,-0.158501709,0.158501709,0,0.079250855,0,-0.079250855
David,Horst,David Horst,RSL,2018,243,1,0,12.51735196,0,0,0.044542614,-0.044542614,-0.044542614,1,17.39021636,0,0.110180515,-0.110180515,0.154723129,0.044542614,0.110180515,-0.044542614,-0.110180515
Romario,Williams,Romario Williams,ATL,2018,34,2,1,24.24029201,0,1,0.154512594,0.45291282,0.845487406,0,NA,0,0,0,0.154512594,0.077256297,0,0.422743703,0
Danny,Wilson,Danny Wilson,COL,2018,238,1,0,7.405194123,0,0,0.153330812,-0.153330812,-0.153330812,0,NA,0,0,0,0.153330812,0.153330812,0,-0.153330812,0
Philippe,Senderos,Philippe Senderos,HOU,2018,149,1,1,9.507891459,0,1,0.091627691,0.596196337,0.908372309,1,23.59275365,0,0.060506899,-0.060506899,0.15213459,0.091627691,0.060506899,0.908372309,-0.060506899
Johan,Kappelhof,Johan Kappelhof,CHI,2018,381,0,0,NA,NA,0,0,0,0,2,14.65625888,0,0.152067864,-0.152067864,0.152067864,0,0.076033932,0,-0.076033932
Franck,Pangop,Franck Pangop,MIN,2018,22,0,0,NA,NA,0,0,0,0,1,10.00612313,0,0.150814301,-0.150814301,0.150814301,0,0.150814301,0,-0.150814301
Daniel,Steres,Daniel Steres,LAG,2018,335,1,0,8.116902118,0,0,0.130218368,-0.130218368,-0.130218368,1,39.63481298,1,0.018244968,0.981755032,0.148463336,0.130218368,0.018244968,-0.130218368,0.981755032
Ariel,Lassiter,Ariel Lassiter,LAG,2018,66,2,0,22.7665455,0.5,0,0.094495111,-0.094495111,-0.094495111,1,17.1482951,0,0.052693586,-0.052693586,0.147188697,0.047247555,0.052693586,-0.047247555,-0.052693586
Matt,Polster,Matt Polster,CHI,2018,93,1,0,7.708736926,0,0,0.145441585,-0.145441585,-0.145441585,0,NA,0,0,0,0.145441585,0.145441585,0,-0.145441585,0
Alexander,Ring,Alexander Ring,NYC,2018,293,3,1,34.34173495,0.333333333,0,0.077958041,0.106129015,-0.077958041,1,22.77,0,0.066427445,-0.066427445,0.144385487,0.025986014,0.066427445,-0.025986014,-0.066427445
Jay,Chapman,Jay Chapman,TOR,2018,35,0,0,NA,NA,0,0,0,0,1,15.45674044,0,0.137828702,-0.137828702,0.137828702,0,0.137828702,0,-0.137828702
Mac,Steeves,Mac Steeves,HOU,2018,17,0,0,NA,NA,0,0,0,0,1,13.6026468,0,0.137550402,-0.137550402,0.137550402,0,0.137550402,0,-0.137550402
Bismark,Boateng,Bismark Boateng,COL,2018,118,3,1,27.99462806,0.666666667,0,0.136772938,0.17081761,-0.136772938,0,NA,0,0,0,0.136772938,0.045590979,0,-0.045590979,0
Alex,Roldan,Alex Roldan,SEA,2018,51,4,1,23.42987678,0.25,0,0.135844714,-0.134650452,-0.135844714,0,NA,0,0,0,0.135844714,0.033961179,0,-0.033961179,0
Anton,Tinnerholm,Anton Tinnerholm,NYC,2018,294,2,2,17.62294634,0.5,2,0.13212126,0.863910653,1.86787874,0,NA,0,0,0,0.13212126,0.06606063,0,0.93393937,0
Arturo,Alvarez,Arturo Alvarez,HOU,2018,78,0,0,NA,NA,0,0,0,0,3,22.38178054,0,0.126818634,-0.126818634,0.126818634,0,0.042272878,0,-0.042272878
Lamar,Neagle,Lamar Neagle,SEA,2018,56,0,0,NA,NA,0,0,0,0,1,15.19134293,0,0.124368943,-0.124368943,0.124368943,0,0.124368943,0,-0.124368943
Ashtone,Morgan,Ashtone Morgan,TOR,2018,160,1,1,20.09578625,0,0,0.044887471,0.004136463,-0.044887471,1,20.39453113,1,0.078935069,0.921064931,0.12382254,0.044887471,0.078935069,-0.044887471,0.921064931
Tyler,Miller,Tyler Miller,LAFC,2018,387,0,0,NA,NA,0,0,0,0,1,15.74778159,0,0.121123943,-0.121123943,0.121123943,0,0.121123943,0,-0.121123943
Shea,Salinas,Shea Salinas,SJE,2018,314,0,0,NA,NA,0,0,0,0,2,19.69918855,0,0.120775186,-0.120775186,0.120775186,0,0.060387593,0,-0.060387593
Chris,Tierney,Chris Tierney,NER,2018,86,1,1,22.20941298,1,1,0.117893512,-0.025779876,0.882106488,0,NA,0,0,0,0.117893512,0.117893512,0,0.882106488,0
Matt,Besler,Matt Besler,SKC,2018,576,0,0,NA,NA,0,0,0,0,2,17.94183593,0,0.11680791,-0.11680791,0.11680791,0,0.058403955,0,-0.058403955
Reto,Ziegler,Reto Ziegler,FCD,2018,386,2,1,32.21910555,0.5,0,0.082945286,-0.074274678,-0.082945286,1,21.13545836,0,0.032628233,-0.032628233,0.115573519,0.041472643,0.032628233,-0.041472643,-0.032628233
Liam,Ridgewell,Liam Ridgewell,POR,2018,189,1,1,12.89450367,0,0,0.115331053,-0.073991892,-0.115331053,0,NA,0,0,0,0.115331053,0.115331053,0,-0.115331053,0
Ebenezer,Ofori,Ebenezer Ofori,NYC,2018,212,0,0,NA,NA,0,0,0,0,1,16.18940703,0,0.114601982,-0.114601982,0.114601982,0,0.114601982,0,-0.114601982
Jukka,Raitala,Jukka Raitala,MTL,2018,468,0,0,NA,NA,0,0,0,0,2,30.02817759,0,0.111342324,-0.111342324,0.111342324,0,0.055671162,0,-0.055671162
Joao,Moutinho,Joao Moutinho,LAFC,2018,368,2,0,32.73994087,0,0,0.055875933,-0.055875933,-0.055875933,1,21.80308235,0,0.055098588,-0.055098588,0.110974521,0.027937966,0.055098588,-0.027937966,-0.055098588
DaMarcus,Beasley,DaMarcus Beasley,HOU,2018,335,2,2,24.25083272,0,0,0.110823191,0.124269541,-0.110823191,0,NA,0,0,0,0.110823191,0.055411595,0,-0.055411595,0
Michael,Boxall,Michael Boxall,MIN,2018,390,1,0,10.77032961,0,0,0.063476161,-0.063476161,-0.063476161,1,20.65927637,0,0.037178474,-0.037178474,0.100654634,0.063476161,0.037178474,-0.063476161,-0.037178474
Larrys,Mabiala,Larrys Mabiala,POR,2018,478,2,0,12.4861044,0,0,0.097453217,-0.097453217,-0.097453217,0,NA,0,0,0,0.097453217,0.048726608,0,-0.048726608,0
Aaron,Maund,Aaron Maund,VAN,2018,394,1,0,9.356475031,0,0,0.09649507,-0.09649507,-0.09649507,0,NA,0,0,0,0.09649507,0.09649507,0,-0.09649507,0
Quincy,Amarikwa,Quincy Amarikwa,SJE,2018,44,1,1,9.154938558,0,0,0.087030438,0.009588018,-0.087030438,0,NA,0,0,0,0.087030438,0.087030438,0,-0.087030438,0
Nouhou,Tolo,Nouhou Tolo,SEA,2018,200,1,1,20.04181878,0,0,0.056347003,0.011401899,-0.056347003,1,33.78283921,0,0.025190403,-0.025190403,0.081537407,0.056347003,0.025190403,-0.056347003,-0.025190403
Miles,Robinson,Miles Robinson,ATL,2018,102,1,0,10.17703788,0,0,0.079281744,-0.079281744,-0.079281744,0,NA,0,0,0,0.079281744,0.079281744,0,-0.079281744,0
Marcelo,Silva,Marcelo Silva,RSL,2018,229,1,0,10.35030917,0,0,0.07742121,-0.07742121,-0.07742121,0,NA,0,0,0,0.07742121,0.07742121,0,-0.07742121,0
Niko,Hansen,Niko Hansen,CLB,2018,66,2,0,28.41698091,1,0,0.077100674,-0.077100674,-0.077100674,0,NA,0,0,0,0.077100674,0.038550337,0,-0.038550337,0
Collen,Warner,Collen Warner,MIN,2018,156,2,0,26.68186246,0.5,0,0.075088896,-0.075088896,-0.075088896,0,NA,0,0,0,0.075088896,0.037544448,0,-0.037544448,0
Kelvin,Leerdam,Kelvin Leerdam,SEA,2018,135,0,0,NA,NA,0,0,0,0,1,21.49545301,0,0.074752904,-0.074752904,0.074752904,0,0.074752904,0,-0.074752904
Junior,Moreno,Junior Moreno,DCU,2018,269,0,0,NA,NA,0,0,0,0,1,13.94219854,0,0.073930914,-0.073930914,0.073930914,0,0.073930914,0,-0.073930914
Anthony,Jackson-Hamel,Anthony Jackson-Hamel,MTL,2018,87,1,1,21.7598673,0,0,0.073527138,0.553926424,-0.073527138,0,NA,0,0,0,0.073527138,0.073527138,0,-0.073527138,0
Mohammed,Abu,Mohammed Abu,CLB,2018,60,1,0,28.87024939,0,0,0.038531903,-0.038531903,-0.038531903,1,22.19754097,0,0.034936658,-0.034936658,0.073468561,0.038531903,0.034936658,-0.038531903,-0.034936658
Leonardo,Leonardo,Leonardo,HOU,2018,297,1,0,12.48078523,0,0,0.06863437,-0.06863437,-0.06863437,0,NA,0,0,0,0.06863437,0.06863437,0,-0.06863437,0
Dave,Romney,Dave Romney,LAG,2018,123,1,0,10.72929168,0,0,0.068069101,-0.068069101,-0.068069101,0,NA,0,0,0,0.068069101,0.068069101,0,-0.068069101,0
Aaron,Kovar,Aaron Kovar,LAFC,2018,7,1,0,30.96181519,0,0,0.067611257,-0.067611257,-0.067611257,0,NA,0,0,0,0.067611257,0.067611257,0,-0.067611257,0
Bernie,Ibini-Isei,Bernie Ibini-Isei,VAN,2018,136,1,1,14.59260429,0,0,0.031628357,0.004822484,-0.031628357,1,23.15161333,0,0.034891854,-0.034891854,0.066520211,0.031628357,0.034891854,-0.031628357,-0.034891854
Ronald,Matarrita,Ronald Matarrita,NYC,2018,26,1,0,27.15604583,0,0,0.042888925,-0.042888925,-0.042888925,1,34.51708019,0,0.020423709,-0.020423709,0.063312634,0.042888925,0.020423709,-0.042888925,-0.020423709
Sebastian,Saucedo,Sebastian Saucedo,RSL,2018,97,1,0,23.48025181,0,0,0.061477051,-0.061477051,-0.061477051,0,NA,0,0,0,0.061477051,0.061477051,0,-0.061477051,0
Daniel,Johnson,Daniel Johnson,CHI,2018,22,0,0,NA,NA,0,0,0,0,1,11.61747929,0,0.059814063,-0.059814063,0.059814063,0,0.059814063,0,-0.059814063
Auston,Trusty,Auston Trusty,PHI,2018,378,1,1,14.31907906,0,0,0.053891739,-0.009895554,-0.053891739,0,NA,0,0,0,0.053891739,0.053891739,0,-0.053891739,0
Jerome,Thiesson,Jerome Thiesson,MIN,2018,290,1,0,32.29820777,0,0,0.01543531,-0.01543531,-0.01543531,1,29.11262441,0,0.036086733,-0.036086733,0.051522043,0.01543531,0.036086733,-0.01543531,-0.036086733
Justin,Morrow,Justin Morrow,TOR,2018,96,0,0,NA,NA,0,0,0,0,1,14.53370651,0,0.050339402,-0.050339402,0.050339402,0,0.050339402,0,-0.050339402
Alejandro,Silva,Alejandro Silva,MTL,2018,114,1,0,30.50759905,1,0,0.017607008,-0.017607008,-0.017607008,1,31.48142031,0,0.031654619,-0.031654619,0.049261627,0.017607008,0.031654619,-0.017607008,-0.031654619
Alexander,Callens,Alexander Callens,NYC,2018,486,1,0,11.51684419,0,0,0.048437611,-0.048437611,-0.048437611,0,NA,0,0,0,0.048437611,0.048437611,0,-0.048437611,0
Chris,Odoi-Atsem,Chris Odoi-Atsem,DCU,2018,15,1,1,15.31779439,0,0,0.04807468,-0.012074085,-0.04807468,0,NA,0,0,0,0.04807468,0.04807468,0,-0.04807468,0
Lawrence,Olum,Lawrence Olum,POR,2018,191,1,0,12.04805378,0,0,0.047186003,-0.047186003,-0.047186003,0,NA,0,0,0,0.047186003,0.047186003,0,-0.047186003,0
Christian,Dean,Christian Dean,CHI,2018,181,0,0,NA,NA,0,0,0,0,1,17.75825512,0,0.044400624,-0.044400624,0.044400624,0,0.044400624,0,-0.044400624
Jose,Aja,Jose Aja,VAN,2018,390,1,0,15.325,0,0,0.044339737,-0.044339737,-0.044339737,0,NA,0,0,0,0.044339737,0.044339737,0,-0.044339737,0
Marco,Farfan,Marco Farfan,POR,2018,285,0,0,NA,NA,0,0,0,0,1,28.07881052,0,0.041099176,-0.041099176,0.041099176,0,0.041099176,0,-0.041099176
Ricardo,Clark,Ricardo Clark,CLB,2018,72,1,1,11.36147878,0,1,0.039613639,0.273182728,0.960386361,0,NA,0,0,0,0.039613639,0.039613639,0,0.960386361,0
Tony,Rocha,Tony Rocha,ORL,2018,29,1,0,28.71709639,1,0,0.039017048,-0.039017048,-0.039017048,0,NA,0,0,0,0.039017048,0.039017048,0,-0.039017048,0
Dominic,Oduro,Dominic Oduro,MTL,2018,7,1,0,24.56302913,0,0,0.038535765,-0.038535765,-0.038535765,0,NA,0,0,0,0.038535765,0.038535765,0,-0.038535765,0
Louis,Beland-Goyette,Louis Beland-Goyette,MTL,2018,68,0,0,NA,NA,0,0,0,0,1,24.56302913,0,0.038535765,-0.038535765,0.038535765,0,0.038535765,0,-0.038535765
Shawn,Barry,Shawn Barry,RSL,2018,152,0,0,NA,NA,0,0,0,0,1,19.48802966,0,0.036978556,-0.036978556,0.036978556,0,0.036978556,0,-0.036978556
Michael,Parkhurst,Michael Parkhurst,ATL,2018,461,0,0,NA,NA,0,0,0,0,1,29.55510827,0,0.03666567,-0.03666567,0.03666567,0,0.03666567,0,-0.03666567
Josh,Williams,Josh Williams,CLB,2018,138,1,0,22.19754097,0,0,0.034936658,-0.034936658,-0.034936658,0,NA,0,0,0,0.034936658,0.034936658,0,-0.034936658,0
Marco,Donadel,Marco Donadel,MTL,2018,12,1,0,31.26900702,1,0,0.032167274,-0.032167274,-0.032167274,0,NA,0,0,0,0.032167274,0.032167274,0,-0.032167274,0
Demar,Phillips,Demar Phillips,RSL,2018,376,2,0,38.18451056,0.5,0,0.031897463,-0.031897463,-0.031897463,0,NA,0,0,0,0.031897463,0.015948731,0,-0.015948731,0
Raymon,Gaddis,Raymon Gaddis,PHI,2018,73,1,0,30.40415473,0,0,0.031226312,-0.031226312,-0.031226312,0,NA,0,0,0,0.031226312,0.031226312,0,-0.031226312,0
Leandro,Gonzalez Pirez,Leandro Gonzalez Pirez,ATL,2018,273,0,0,NA,NA,0,0,0,0,1,22.81464935,0,0.030794668,-0.030794668,0.030794668,0,0.030794668,0,-0.030794668
Tony,Alfaro,Tony Alfaro,SEA,2018,82,1,0,11.58807253,0,0,0.030454001,-0.030454001,-0.030454001,0,NA,0,0,0,0.030454001,0.030454001,0,-0.030454001,0
Seth,Sinovic,Seth Sinovic,SKC,2018,235,0,0,NA,NA,0,0,0,0,1,32.25024806,0,0.029411208,-0.029411208,0.029411208,0,0.029411208,0,-0.029411208
Victor,Vazquez,Victor Vazquez,TOR,2018,54,1,0,32.21935443,0,0,0.029207224,-0.029207224,-0.029207224,0,NA,0,0,0,0.029207224,0.029207224,0,-0.029207224,0
Stefan,Marinovic,Stefan Marinovic,VAN,2018,588,0,0,NA,NA,0,0,0,0,1,31.28089233,0,0.028148776,-0.028148776,0.028148776,0,0.028148776,0,-0.028148776
Victor,Arboleda,Victor Arboleda,POR,2018,35,0,0,NA,NA,0,0,0,0,1,18.33123086,0,0.027938158,-0.027938158,0.027938158,0,0.027938158,0,-0.027938158
Victor,Giro,Victor Giro,ORL,2018,40,1,0,33.43929163,1,0,0.026685597,-0.026685597,-0.026685597,0,NA,0,0,0,0.026685597,0.026685597,0,-0.026685597,0
Marcel,de Jong,Marcel de Jong,VAN,2018,382,0,0,NA,NA,0,0,0,0,1,34.47247344,0,0.025606128,-0.025606128,0.025606128,0,0.025606128,0,-0.025606128
Sunny,Sunny,Sunny,RSL,2018,46,0,0,NA,NA,0,0,0,0,1,31.62439723,0,0.025387326,-0.025387326,0.025387326,0,0.025387326,0,-0.025387326
Ryan,Hollingshead,Ryan Hollingshead,FCD,2018,64,0,0,NA,NA,0,0,0,0,1,27.03932368,0,0.023478836,-0.023478836,0.023478836,0,0.023478836,0,-0.023478836
Maynor,Figueroa,Maynor Figueroa,FCD,2018,95,1,0,34.92486829,0,0,0.0229848,-0.0229848,-0.0229848,0,NA,0,0,0,0.0229848,0.0229848,0,-0.0229848,0
Joseph,Mora,Joseph Mora,DCU,2018,280,1,0,34.30023324,0,0,0.020865843,-0.020865843,-0.020865843,0,NA,0,0,0,0.020865843,0.020865843,0,-0.020865843,0
Tristan,Blackmon,Tristan Blackmon,LAFC,2018,60,0,0,NA,NA,0,0,0,0,1,38.29582223,0,0.019750398,-0.019750398,0.019750398,0,0.019750398,0,-0.019750398
Laurent,Ciman,Laurent Ciman,LAFC,2018,387,1,1,46.75660622,1,0,0.012457081,-0.008055532,-0.012457081,0,NA,0,0,0,0.012457081,0.012457081,0,-0.012457081,0
